{
    "learning_rate": 0.015612353533123359,
    "num_leaves": 86,
    "max_depth": 6,
    "feature_fraction": 0.6178229342475504,
    "bagging_fraction": 0.5596349837494857,
    "bagging_freq": 4,
    "min_child_samples": 20
}