{
    "learning_rate": 0.07833154549422043,
    "num_leaves": 77,
    "max_depth": 3,
    "feature_fraction": 0.7397182237391774,
    "bagging_fraction": 0.8276188962652907,
    "bagging_freq": 7,
    "min_child_samples": 97
}