{
    "learning_rate": 0.029232200459888384,
    "num_leaves": 102,
    "max_depth": 4,
    "feature_fraction": 0.7819422901121333,
    "bagging_fraction": 0.5223925289623286,
    "bagging_freq": 2,
    "min_child_samples": 79
}