{
    "learning_rate": 0.028574573044417812,
    "num_leaves": 96,
    "max_depth": 9,
    "feature_fraction": 0.6803215082504178,
    "bagging_fraction": 0.711821563077978,
    "bagging_freq": 6,
    "min_child_samples": 29
}