{
    "validation_rmse": 0.22444864974857057,
    "validation_spearman_correlation": 0.5730666091236143,
    "spearman_p_value": 2.4380185520222704e-20
}